[
  {
    "name": "Москва",
    "region": "Россия",
    "lat": 55.7558,
    "lon": 37.6173
  },
  {
    "name": "Санкт-Петербург",
    "region": "Россия",
    "lat": 59.9343,
    "lon": 30.3351
  },
  {
    "name": "Новосибирск",
    "region": "Россия",
    "lat": 55.0084,
    "lon": 82.9357
  },
  {
    "name": "Екатеринбург",
    "region": "Россия",
    "lat": 56.8389,
    "lon": 60.6057
  },
  {
    "name": "Казань",
    "region": "Россия",
    "lat": 55.7887,
    "lon": 49.1221
  },
  {
    "name": "Нижний Новгород",
    "region": "Россия",
    "lat": 56.2965,
    "lon": 43.9361
  },
  {
    "name": "Челябинск",
    "region": "Россия",
    "lat": 55.1644,
    "lon": 61.4368
  },
  {
    "name": "Самара",
    "region": "Россия",
    "lat": 53.1959,
    "lon": 50.1002
  },
  {
    "name": "Омск",
    "region": "Россия",
    "lat": 54.9885,
    "lon": 73.3242
  },
  {
    "name": "Ростов-на-Дону",
    "region": "Россия",
    "lat": 47.2357,
    "lon": 39.7015
  },
  {
    "name": "Уфа",
    "region": "Россия",
    "lat": 54.7388,
    "lon": 55.9721
  },
  {
    "name": "Красноярск",
    "region": "Россия",
    "lat": 56.0153,
    "lon": 92.8932
  },
  {
    "name": "Воронеж",
    "region": "Россия",
    "lat": 51.672,
    "lon": 39.1843
  },
  {
    "name": "Пермь",
    "region": "Россия",
    "lat": 58.0105,
    "lon": 56.2502
  },
  {
    "name": "Волгоград",
    "region": "Россия",
    "lat": 48.708,
    "lon": 44.5133
  },
  {
    "name": "Краснодар",
    "region": "Россия",
    "lat": 45.0355,
    "lon": 38.9753
  },
  {
    "name": "Саратов",
    "region": "Россия",
    "lat": 51.533,
    "lon": 46.0344
  },
  {
    "name": "Тюмень",
    "region": "Россия",
    "lat": 57.1522,
    "lon": 65.5272
  },
  {
    "name": "Тольятти",
    "region": "Россия",
    "lat": 53.5078,
    "lon": 49.4204
  },
  {
    "name": "Ижевск",
    "region": "Россия",
    "lat": 56.8527,
    "lon": 53.2114
  },
  {
    "name": "Барнаул",
    "region": "Россия",
    "lat": 53.3548,
    "lon": 83.7698
  },
  {
    "name": "Ульяновск",
    "region": "Россия",
    "lat": 54.3142,
    "lon": 48.4031
  },
  {
    "name": "Иркутск",
    "region": "Россия",
    "lat": 52.287,
    "lon": 104.305
  },
  {
    "name": "Хабаровск",
    "region": "Россия",
    "lat": 48.4827,
    "lon": 135.0838
  },
  {
    "name": "Ярославль",
    "region": "Россия",
    "lat": 57.6261,
    "lon": 39.8845
  },
  {
    "name": "Владивосток",
    "region": "Россия",
    "lat": 43.1155,
    "lon": 131.8855
  },
  {
    "name": "Махачкала",
    "region": "Россия",
    "lat": 42.9849,
    "lon": 47.5047
  },
  {
    "name": "Томск",
    "region": "Россия",
    "lat": 56.4884,
    "lon": 84.948
  },
  {
    "name": "Оренбург",
    "region": "Россия",
    "lat": 51.7727,
    "lon": 55.0988
  },
  {
    "name": "Кемерово",
    "region": "Россия",
    "lat": 55.3908,
    "lon": 86.0779
  },
  {
    "name": "Новокузнецк",
    "region": "Россия",
    "lat": 53.7596,
    "lon": 87.1216
  },
  {
    "name": "Рязань",
    "region": "Россия",
    "lat": 54.6269,
    "lon": 39.6916
  },
  {
    "name": "Астрахань",
    "region": "Россия",
    "lat": 46.3497,
    "lon": 48.0408
  },
  {
    "name": "Пенза",
    "region": "Россия",
    "lat": 53.1959,
    "lon": 45.0183
  },
  {
    "name": "Липецк",
    "region": "Россия",
    "lat": 52.6031,
    "lon": 39.5708
  },
  {
    "name": "Тула",
    "region": "Россия",
    "lat": 54.193,
    "lon": 37.6174
  },
  {
    "name": "Киров",
    "region": "Россия",
    "lat": 58.5966,
    "lon": 49.6601
  },
  {
    "name": "Чебоксары",
    "region": "Россия",
    "lat": 56.1439,
    "lon": 47.2489
  },
  {
    "name": "Калининград",
    "region": "Россия",
    "lat": 54.7104,
    "lon": 20.4522
  },
  {
    "name": "Брянск",
    "region": "Россия",
    "lat": 53.2434,
    "lon": 34.3634
  },
  {
    "name": "Курск",
    "region": "Россия",
    "lat": 51.7373,
    "lon": 36.1874
  },
  {
    "name": "Иваново",
    "region": "Россия",
    "lat": 57.0004,
    "lon": 40.9739
  },
  {
    "name": "Магнитогорск",
    "region": "Россия",
    "lat": 53.4072,
    "lon": 58.9795
  },
  {
    "name": "Тверь",
    "region": "Россия",
    "lat": 56.8587,
    "lon": 35.9176
  },
  {
    "name": "Ставрополь",
    "region": "Россия",
    "lat": 45.0428,
    "lon": 41.9734
  },
  {
    "name": "Белгород",
    "region": "Россия",
    "lat": 50.5997,
    "lon": 36.5986
  },
  {
    "name": "Сочи",
    "region": "Россия",
    "lat": 43.5855,
    "lon": 39.7231
  },
  {
    "name": "Нижний Тагил",
    "region": "Россия",
    "lat": 57.9102,
    "lon": 59.9714
  },
  {
    "name": "Архангельск",
    "region": "Россия",
    "lat": 64.5401,
    "lon": 40.5433
  },
  {
    "name": "Владимир",
    "region": "Россия",
    "lat": 56.1291,
    "lon": 40.4069
  },
  {
    "name": "Смоленск",
    "region": "Россия",
    "lat": 54.7826,
    "lon": 32.0453
  },
  {
    "name": "Курган",
    "region": "Россия",
    "lat": 55.45,
    "lon": 65.3333
  },
  {
    "name": "Калуга",
    "region": "Россия",
    "lat": 54.5293,
    "lon": 36.2754
  },
  {
    "name": "Чита",
    "region": "Россия",
    "lat": 52.034,
    "lon": 113.5006
  },
  {
    "name": "Орёл",
    "region": "Россия",
    "lat": 52.9651,
    "lon": 36.0785
  },
  {
    "name": "Волжский",
    "region": "Россия",
    "lat": 48.7867,
    "lon": 44.7514
  },
  {
    "name": "Череповец",
    "region": "Россия",
    "lat": 59.1269,
    "lon": 37.9096
  },
  {
    "name": "Вологда",
    "region": "Россия",
    "lat": 59.2181,
    "lon": 39.8886
  },
  {
    "name": "Саранск",
    "region": "Россия",
    "lat": 54.1838,
    "lon": 45.1749
  },
  {
    "name": "Сургут",
    "region": "Россия",
    "lat": 61.25,
    "lon": 73.4166
  },
  {
    "name": "Тамбов",
    "region": "Россия",
    "lat": 52.7212,
    "lon": 41.4523
  },
  {
    "name": "Грозный",
    "region": "Россия",
    "lat": 43.3197,
    "lon": 45.6934
  },
  {
    "name": "Мурманск",
    "region": "Россия",
    "lat": 68.9585,
    "lon": 33.0827
  },
  {
    "name": "Петрозаводск",
    "region": "Россия",
    "lat": 61.7891,
    "lon": 34.3596
  },
  {
    "name": "Кострома",
    "region": "Россия",
    "lat": 57.7679,
    "lon": 40.9268
  },
  {
    "name": "Нижневартовск",
    "region": "Россия",
    "lat": 60.9344,
    "lon": 76.5531
  },
  {
    "name": "Йошкар-Ола",
    "region": "Россия",
    "lat": 56.6343,
    "lon": 47.8992
  },
  {
    "name": "Новороссийск",
    "region": "Россия",
    "lat": 44.7234,
    "lon": 37.7687
  },
  {
    "name": "Комсомольск-на-Амуре",
    "region": "Россия",
    "lat": 50.55,
    "lon": 137.0167
  },
  {
    "name": "Таганрог",
    "region": "Россия",
    "lat": 47.2362,
    "lon": 38.8969
  },
  {
    "name": "Сыктывкар",
    "region": "Россия",
    "lat": 61.6688,
    "lon": 50.8364
  },
  {
    "name": "Нальчик",
    "region": "Россия",
    "lat": 43.4846,
    "lon": 43.6071
  },
  {
    "name": "Шахты",
    "region": "Россия",
    "lat": 47.7086,
    "lon": 40.2147
  },
  {
    "name": "Дзержинск",
    "region": "Россия",
    "lat": 56.2376,
    "lon": 43.4549
  },
  {
    "name": "Братск",
    "region": "Россия",
    "lat": 56.1325,
    "lon": 101.614
  },
  {
    "name": "Орск",
    "region": "Россия",
    "lat": 51.2053,
    "lon": 58.4745
  },
  {
    "name": "Ангарск",
    "region": "Россия",
    "lat": 52.5445,
    "lon": 103.8884
  },
  {
    "name": "Энгельс",
    "region": "Россия",
    "lat": 51.4988,
    "lon": 46.1254
  },
  {
    "name": "Благовещенск",
    "region": "Россия",
    "lat": 50.2905,
    "lon": 127.5272
  },
  {
    "name": "Старый Оскол",
    "region": "Россия",
    "lat": 51.2967,
    "lon": 37.8414
  },
  {
    "name": "Великий Новгород",
    "region": "Россия",
    "lat": 58.5228,
    "lon": 31.2749
  },
  {
    "name": "Псков",
    "region": "Россия",
    "lat": 57.8194,
    "lon": 28.3319
  },
  {
    "name": "Бийск",
    "region": "Россия",
    "lat": 52.5394,
    "lon": 85.2139
  },
  {
    "name": "Прокопьевск",
    "region": "Россия",
    "lat": 53.906,
    "lon": 86.7181
  },
  {
    "name": "Рыбинск",
    "region": "Россия",
    "lat": 58.0446,
    "lon": 38.8425
  },
  {
    "name": "Балаково",
    "region": "Россия",
    "lat": 52.0278,
    "lon": 47.8007
  },
  {
    "name": "Южно-Сахалинск",
    "region": "Россия",
    "lat": 46.9641,
    "lon": 142.7285
  },
  {
    "name": "Армавир",
    "region": "Россия",
    "lat": 44.9892,
    "lon": 41.1234
  },
  {
    "name": "Северодвинск",
    "region": "Россия",
    "lat": 64.5635,
    "lon": 39.8302
  },
  {
    "name": "Петропавловск-Камчатский",
    "region": "Россия",
    "lat": 53.0452,
    "lon": 158.6511
  },
  {
    "name": "Абакан",
    "region": "Россия",
    "lat": 53.7151,
    "lon": 91.4292
  },
  {
    "name": "Якутск",
    "region": "Россия",
    "lat": 62.0355,
    "lon": 129.6755
  },
  {
    "name": "Киев",
    "region": "Украина",
    "lat": 50.4501,
    "lon": 30.5234
  },
  {
    "name": "Харьков",
    "region": "Украина",
    "lat": 49.9935,
    "lon": 36.2304
  },
  {
    "name": "Одесса",
    "region": "Украина",
    "lat": 46.4825,
    "lon": 30.7233
  },
  {
    "name": "Днепр",
    "region": "Украина",
    "lat": 48.4647,
    "lon": 35.0462
  },
  {
    "name": "Донецк",
    "region": "Украина",
    "lat": 48.0159,
    "lon": 37.8028
  },
  {
    "name": "Запорожье",
    "region": "Украина",
    "lat": 47.8388,
    "lon": 35.1396
  },
  {
    "name": "Львов",
    "region": "Украина",
    "lat": 49.8397,
    "lon": 24.0297
  },
  {
    "name": "Минск",
    "region": "Беларусь",
    "lat": 53.9006,
    "lon": 27.559
  },
  {
    "name": "Гомель",
    "region": "Беларусь",
    "lat": 52.4345,
    "lon": 30.9754
  },
  {
    "name": "Брест",
    "region": "Беларусь",
    "lat": 52.0976,
    "lon": 23.7341
  },
  {
    "name": "Витебск",
    "region": "Беларусь",
    "lat": 55.1904,
    "lon": 30.2049
  },
  {
    "name": "Гродно",
    "region": "Беларусь",
    "lat": 53.6884,
    "lon": 23.8258
  },
  {
    "name": "Алматы",
    "region": "Казахстан",
    "lat": 43.222,
    "lon": 76.8512
  },
  {
    "name": "Астана",
    "region": "Казахстан",
    "lat": 51.1694,
    "lon": 71.4491
  },
  {
    "name": "Шымкент",
    "region": "Казахстан",
    "lat": 42.3417,
    "lon": 69.5901
  },
  {
    "name": "Караганда",
    "region": "Казахстан",
    "lat": 49.8047,
    "lon": 73.1094
  },
  {
    "name": "Актобе",
    "region": "Казахстан",
    "lat": 50.2839,
    "lon": 57.167
  },
  {
    "name": "Ташкент",
    "region": "Узбекистан",
    "lat": 41.2995,
    "lon": 69.2401
  },
  {
    "name": "Самарканд",
    "region": "Узбекистан",
    "lat": 39.627,
    "lon": 66.975
  },
  {
    "name": "Бишкек",
    "region": "Кыргызстан",
    "lat": 42.8746,
    "lon": 74.5698
  },
  {
    "name": "Душанбе",
    "region": "Таджикистан",
    "lat": 38.5598,
    "lon": 68.774
  },
  {
    "name": "Ашхабад",
    "region": "Туркменистан",
    "lat": 37.9601,
    "lon": 58.3261
  },
  {
    "name": "Баку",
    "region": "Азербайджан",
    "lat": 40.4093,
    "lon": 49.8671
  },
  {
    "name": "Тбилиси",
    "region": "Грузия",
    "lat": 41.7151,
    "lon": 44.8271
  },
  {
    "name": "Ереван",
    "region": "Армения",
    "lat": 40.1792,
    "lon": 44.4991
  },
  {
    "name": "Кишинёв",
    "region": "Молдова",
    "lat": 47.0105,
    "lon": 28.8638
  }
]